 {
  "CoordinateSystem": "Unity",
  "Rooms": [
    {
      "UUID": "14C326CD85D54459ACCA58C7F5A63EDA",
      "RoomLayout": {
        "FloorUuid": "E21F6699966743D3889EA3D1097D317F",
        "CeilingUuid": "5B59F39564CC4F99B3DFC62766F3875A",
        "WallsUuid": [
          "923BF36DA65249A68616F0D68951580E",
          "D98DCFEF5D644E06B352F27986955769",
          "16D17A1369E8442881C23B8613792909",
          "2A9F533477F84CB5BD27FEBE7810D6F5",
          "65EF2579652746198FD8F4847B1A567F",
          "959A0BA610714A3282DA1BEB96DFEDD1",
          "85E63E67D3BE4AA5B93E6A67D07F42DF",
          "EE496CEB3FD04673A1B18588165FBA65"
        ]
      },
      "Anchors": [
        {
          "UUID": "923BF36DA65249A68616F0D68951580E",
          "SemanticClassifications": [
            "WALL_FACE"
          ],
          "Transform": {
            "Translation": [2.018666,1.5,2.28662467],
            "Rotation": [0.0,269.5027,0.0],
            "Scale": [1.0,1.0,1.0]
          },
          "PlaneBounds": {
            "Min": [-1.83889234,-1.5],
            "Max": [1.83889234,1.5]
          },
          "PlaneBoundary2D": [
            [-1.83889234,-1.5],
            [1.83889234,-1.5],
            [1.83889234,1.5],
            [-1.83889234,1.5]
          ]
        },
        {
          "UUID": "D98DCFEF5D644E06B352F27986955769",
          "SemanticClassifications": [
            "WALL_FACE"
          ],
          "Transform": {
            "Translation": [0.3505733,1.5,4.280052],
            "Rotation": [0.0,185.3461,0.0],
            "Scale": [1.0,1.0,1.0]
          },
          "PlaneBounds": {
            "Min": [-1.6593504,-1.5],
            "Max": [1.6593504,1.5]
          },
          "PlaneBoundary2D": [
            [-1.6593504,-1.5],
            [1.6593504,-1.5],
            [1.6593504,1.5],
            [-1.6593504,1.5]
          ]
        },
        {
          "UUID": "16D17A1369E8442881C23B8613792909",
          "SemanticClassifications": [
            "WALL_FACE"
          ],
          "Transform": {
            "Translation": [-2.700596,1.5,4.485796],
            "Rotation": [0.0,182.093384,0.0],
            "Scale": [1.0,1.0,1.0]
          },
          "PlaneBounds": {
            "Min": [-1.39997149,-1.5],
            "Max": [1.39997149,1.5]
          },
          "PlaneBoundary2D": [
            [-1.39997149,-1.5],
            [1.39997149,-1.5],
            [1.39997149,1.5],
            [-1.39997149,1.5]
          ]
        },
        {
          "UUID": "2A9F533477F84CB5BD27FEBE7810D6F5",
          "SemanticClassifications": [
            "WALL_FACE"
          ],
          "Transform": {
            "Translation": [-4.207124,1.5,2.95260024],
            "Rotation": [0.0,93.88135,0.0],
            "Scale": [1.0,1.0,1.0]
          },
          "PlaneBounds": {
            "Min": [-1.58797681,-1.5],
            "Max": [1.58797681,1.5]
          },
          "PlaneBoundary2D": [
            [-1.58797681,-1.5],
            [1.58797681,-1.5],
            [1.58797681,1.5],
            [-1.58797681,1.5]
          ]
        },
        {
          "UUID": "65EF2579652746198FD8F4847B1A567F",
          "SemanticClassifications": [
            "WALL_FACE"
          ],
          "Transform": {
            "Translation": [-2.886908,1.5,1.3269732],
            "Rotation": [0.0,1.65665591,0.0],
            "Scale": [1.0,1.0,1.0]
          },
          "PlaneBounds": {
            "Min": [-1.42830408,-1.5],
            "Max": [1.42830408,1.5]
          },
          "PlaneBoundary2D": [
            [-1.42830408,-1.5],
            [1.42830408,-1.5],
            [1.42830408,1.5],
            [-1.42830408,1.5]
          ]
        },
        {
          "UUID": "959A0BA610714A3282DA1BEB96DFEDD1",
          "SemanticClassifications": [
            "WALL_FACE"
          ],
          "Transform": {
            "Translation": [-1.65817356,1.5,-0.30237478],
            "Rotation": [0.0,97.14156,0.0],
            "Scale": [1.0,1.0,1.0]
          },
          "PlaneBounds": {
            "Min": [-1.600472,-1.5],
            "Max": [1.600472,1.5]
          },
          "PlaneBoundary2D": [
            [-1.600472,-1.5],
            [1.600472,-1.5],
            [1.600472,1.5],
            [-1.600472,1.5]
          ]
        },
        {
          "UUID": "85E63E67D3BE4AA5B93E6A67D07F42DF",
          "SemanticClassifications": [
            "WALL_FACE"
          ],
          "Transform": {
            "Translation": [0.0459595919,1.5,-1.99009109],
            "Rotation": [0.0,2.997691,0.0],
            "Scale": [1.0,1.0,1.0]
          },
          "PlaneBounds": {
            "Min": [-1.90571344,-1.5],
            "Max": [1.90571344,1.5]
          },
          "PlaneBoundary2D": [
            [-1.90571344,-1.5],
            [1.90571344,-1.5],
            [1.90571344,1.5],
            [-1.90571344,1.5]
          ]
        },
        {
          "UUID": "EE496CEB3FD04673A1B18588165FBA65",
          "SemanticClassifications": [
            "WALL_FACE"
          ],
          "Transform": {
            "Translation": [1.99184585,1.5,-0.820975065],
            "Rotation": [0.0,271.931152,0.0],
            "Scale": [1.0,1.0,1.0]
          },
          "PlaneBounds": {
            "Min": [-1.26949763,-1.5],
            "Max": [1.26949763,1.5]
          },
          "PlaneBoundary2D": [
            [-1.26949763,-1.5],
            [1.26949763,-1.5],
            [1.26949763,1.5],
            [-1.26949763,1.5]
          ]
        },
        {
          "UUID": "60D4B86881AB4874881D77079CD548E4",
          "SemanticClassifications": [
            "OTHER"
          ],
          "Transform": {
            "Translation": [1.61697018,1.08314991,2.35121965],
            "Rotation": [270.0,5.7210083,0.0],
            "Scale": [1.0,1.0,1.0]
          },
          "VolumeBounds": {
            "Min": [-0.398986936,-0.432495117,-1.08197021],
            "Max": [0.398986936,0.432495117,0.0]
          }
        },
        {
          "UUID": "C1D2BBA81C844024B9F9D4B3FDF858A6",
          "SemanticClassifications": [
            "OTHER"
          ],
          "Transform": {
            "Translation": [-1.33,1.26599109,-1.71],
            "Rotation": [270.0,0.0,0.0],
            "Scale": [1.0,1.0,1.0]
          },
          "VolumeBounds": {
            "Min": [-0.348060042,-0.1515102,-1.26599121],
            "Max": [0.348060042,0.1515102,0.0]
          }
        },
        {
          "UUID": "D09A996E65694C67A7CB58AC0CA76FD2",
          "SemanticClassifications": [
            "OTHER"
          ],
          "Transform": {
            "Translation": [-2.33500051,1.08163047,4.381001],
            "Rotation": [270.0,1.879538,0.0],
            "Scale": [1.0,1.0,1.0]
          },
          "VolumeBounds": {
            "Min": [-0.633471549,-0.08175456,-1.08197021],
            "Max": [0.633471549,0.08175456,0.0]
          }
        },
        {
          "UUID": "42883B3153D64B2DB3E3D905873B45BC",
          "SemanticClassifications": [
            "TABLE"
          ],
          "Transform": {
            "Translation": [-3.72,0.6,2.47],
            "Rotation": [270.0,4.0065403,0.0],
            "Scale": [1.0,1.0,1.0]
          },
          "PlaneBounds": {
            "Min": [-0.398986936,-1.0687387],
            "Max": [0.398986936,1.0687387]
          },
          "VolumeBounds": {
            "Min": [-0.398986936,-1.0687387,-0.6],
            "Max": [0.398986936,1.0687387,0.0]
          },
          "PlaneBoundary2D": [
            [-0.398986936,-1.0687387],
            [0.398986936,-1.0687387],
            [0.398986936,1.0687387],
            [-0.398986936,1.0687387]
          ]
        },
        {
          "UUID": "35162736055F4F28A1F6AAF2E087602B",
          "SemanticClassifications": [
            "COUCH"
          ],
          "Transform": {
            "Translation": [0.491380483,0.609692335,3.643852],
            "Rotation": [270.0,274.152954,0.0],
            "Scale": [1.0,1.0,1.0]
          },